Index_Plate_Well,I7_Index_ID,index,I5_Index_ID,index2,Plate
A01,D701,ATTACTCG,D501,TATAGCCT,TruSeq_HT_RAP
B01,D701,ATTACTCG,D502,ATAGAGGC,TruSeq_HT_RAP
C01,D701,ATTACTCG,D503,CCTATCCT,TruSeq_HT_RAP
D01,D701,ATTACTCG,D504,GGCTCTGA,TruSeq_HT_RAP
E01,D701,ATTACTCG,D505,AGGCGAAG,TruSeq_HT_RAP
F01,D701,ATTACTCG,D506,TAATCTTA,TruSeq_HT_RAP
G01,D701,ATTACTCG,D507,CAGGACGT,TruSeq_HT_RAP
H01,D701,ATTACTCG,D508,GTACTGAC,TruSeq_HT_RAP
A02,D702,TCCGGAGA,D501,TATAGCCT,TruSeq_HT_RAP
B02,D702,TCCGGAGA,D502,ATAGAGGC,TruSeq_HT_RAP
C02,D702,TCCGGAGA,D503,CCTATCCT,TruSeq_HT_RAP
D02,D702,TCCGGAGA,D504,GGCTCTGA,TruSeq_HT_RAP
E02,D702,TCCGGAGA,D505,AGGCGAAG,TruSeq_HT_RAP
F02,D702,TCCGGAGA,D506,TAATCTTA,TruSeq_HT_RAP
G02,D702,TCCGGAGA,D507,CAGGACGT,TruSeq_HT_RAP
H02,D702,TCCGGAGA,D508,GTACTGAC,TruSeq_HT_RAP
A03,D703,CGCTCATT,D501,TATAGCCT,TruSeq_HT_RAP
B03,D703,CGCTCATT,D502,ATAGAGGC,TruSeq_HT_RAP
C03,D703,CGCTCATT,D503,CCTATCCT,TruSeq_HT_RAP
D03,D703,CGCTCATT,D504,GGCTCTGA,TruSeq_HT_RAP
E03,D703,CGCTCATT,D505,AGGCGAAG,TruSeq_HT_RAP
F03,D703,CGCTCATT,D506,TAATCTTA,TruSeq_HT_RAP
G03,D703,CGCTCATT,D507,CAGGACGT,TruSeq_HT_RAP
H03,D703,CGCTCATT,D508,GTACTGAC,TruSeq_HT_RAP
A04,D704,GAGATTCC,D501,TATAGCCT,TruSeq_HT_RAP
B04,D704,GAGATTCC,D502,ATAGAGGC,TruSeq_HT_RAP
C04,D704,GAGATTCC,D503,CCTATCCT,TruSeq_HT_RAP
D04,D704,GAGATTCC,D504,GGCTCTGA,TruSeq_HT_RAP
E04,D704,GAGATTCC,D505,AGGCGAAG,TruSeq_HT_RAP
F04,D704,GAGATTCC,D506,TAATCTTA,TruSeq_HT_RAP
G04,D704,GAGATTCC,D507,CAGGACGT,TruSeq_HT_RAP
H04,D704,GAGATTCC,D508,GTACTGAC,TruSeq_HT_RAP
A05,D705,ATTCAGAA,D501,TATAGCCT,TruSeq_HT_RAP
B05,D705,ATTCAGAA,D502,ATAGAGGC,TruSeq_HT_RAP
C05,D705,ATTCAGAA,D503,CCTATCCT,TruSeq_HT_RAP
D05,D705,ATTCAGAA,D504,GGCTCTGA,TruSeq_HT_RAP
E05,D705,ATTCAGAA,D505,AGGCGAAG,TruSeq_HT_RAP
F05,D705,ATTCAGAA,D506,TAATCTTA,TruSeq_HT_RAP
G05,D705,ATTCAGAA,D507,CAGGACGT,TruSeq_HT_RAP
H05,D705,ATTCAGAA,D508,GTACTGAC,TruSeq_HT_RAP
A06,D706,GAATTCGT,D501,TATAGCCT,TruSeq_HT_RAP
B06,D706,GAATTCGT,D502,ATAGAGGC,TruSeq_HT_RAP
C06,D706,GAATTCGT,D503,CCTATCCT,TruSeq_HT_RAP
D06,D706,GAATTCGT,D504,GGCTCTGA,TruSeq_HT_RAP
E06,D706,GAATTCGT,D505,AGGCGAAG,TruSeq_HT_RAP
F06,D706,GAATTCGT,D506,TAATCTTA,TruSeq_HT_RAP
G06,D706,GAATTCGT,D507,CAGGACGT,TruSeq_HT_RAP
H06,D706,GAATTCGT,D508,GTACTGAC,TruSeq_HT_RAP
A07,D707,CTGAAGCT,D501,TATAGCCT,TruSeq_HT_RAP
B07,D707,CTGAAGCT,D502,ATAGAGGC,TruSeq_HT_RAP
C07,D707,CTGAAGCT,D503,CCTATCCT,TruSeq_HT_RAP
D07,D707,CTGAAGCT,D504,GGCTCTGA,TruSeq_HT_RAP
E07,D707,CTGAAGCT,D505,AGGCGAAG,TruSeq_HT_RAP
F07,D707,CTGAAGCT,D506,TAATCTTA,TruSeq_HT_RAP
G07,D707,CTGAAGCT,D507,CAGGACGT,TruSeq_HT_RAP
H07,D707,CTGAAGCT,D508,GTACTGAC,TruSeq_HT_RAP
A08,D708,TAATGCGC,D501,TATAGCCT,TruSeq_HT_RAP
B08,D708,TAATGCGC,D502,ATAGAGGC,TruSeq_HT_RAP
C08,D708,TAATGCGC,D503,CCTATCCT,TruSeq_HT_RAP
D08,D708,TAATGCGC,D504,GGCTCTGA,TruSeq_HT_RAP
E08,D708,TAATGCGC,D505,AGGCGAAG,TruSeq_HT_RAP
F08,D708,TAATGCGC,D506,TAATCTTA,TruSeq_HT_RAP
G08,D708,TAATGCGC,D507,CAGGACGT,TruSeq_HT_RAP
H08,D708,TAATGCGC,D508,GTACTGAC,TruSeq_HT_RAP
A09,D709,CGGCTATG,D501,TATAGCCT,TruSeq_HT_RAP
B09,D709,CGGCTATG,D502,ATAGAGGC,TruSeq_HT_RAP
C09,D709,CGGCTATG,D503,CCTATCCT,TruSeq_HT_RAP
D09,D709,CGGCTATG,D504,GGCTCTGA,TruSeq_HT_RAP
E09,D709,CGGCTATG,D505,AGGCGAAG,TruSeq_HT_RAP
F09,D709,CGGCTATG,D506,TAATCTTA,TruSeq_HT_RAP
G09,D709,CGGCTATG,D507,CAGGACGT,TruSeq_HT_RAP
H09,D709,CGGCTATG,D508,GTACTGAC,TruSeq_HT_RAP
A10,D710,TCCGCGAA,D501,TATAGCCT,TruSeq_HT_RAP
B10,D710,TCCGCGAA,D502,ATAGAGGC,TruSeq_HT_RAP
C10,D710,TCCGCGAA,D503,CCTATCCT,TruSeq_HT_RAP
D10,D710,TCCGCGAA,D504,GGCTCTGA,TruSeq_HT_RAP
E10,D710,TCCGCGAA,D505,AGGCGAAG,TruSeq_HT_RAP
F10,D710,TCCGCGAA,D506,TAATCTTA,TruSeq_HT_RAP
G10,D710,TCCGCGAA,D507,CAGGACGT,TruSeq_HT_RAP
H10,D710,TCCGCGAA,D508,GTACTGAC,TruSeq_HT_RAP
A11,D711,TCTCGCGC,D501,TATAGCCT,TruSeq_HT_RAP
B11,D711,TCTCGCGC,D502,ATAGAGGC,TruSeq_HT_RAP
C11,D711,TCTCGCGC,D503,CCTATCCT,TruSeq_HT_RAP
D11,D711,TCTCGCGC,D504,GGCTCTGA,TruSeq_HT_RAP
E11,D711,TCTCGCGC,D505,AGGCGAAG,TruSeq_HT_RAP
F11,D711,TCTCGCGC,D506,TAATCTTA,TruSeq_HT_RAP
G11,D711,TCTCGCGC,D507,CAGGACGT,TruSeq_HT_RAP
H11,D711,TCTCGCGC,D508,GTACTGAC,TruSeq_HT_RAP
A12,D712,AGCGATAG,D501,TATAGCCT,TruSeq_HT_RAP
B12,D712,AGCGATAG,D502,ATAGAGGC,TruSeq_HT_RAP
C12,D712,AGCGATAG,D503,CCTATCCT,TruSeq_HT_RAP
D12,D712,AGCGATAG,D504,GGCTCTGA,TruSeq_HT_RAP
E12,D712,AGCGATAG,D505,AGGCGAAG,TruSeq_HT_RAP
F12,D712,AGCGATAG,D506,TAATCTTA,TruSeq_HT_RAP
G12,D712,AGCGATAG,D507,CAGGACGT,TruSeq_HT_RAP
H12,D712,AGCGATAG,D508,GTACTGAC,TruSeq_HT_RAP
